{
  "timestamp": "2026-05-31 15:37:35",
  "rmse_m": 0.007780010052051539,
  "outlier_threshold_m": 0.016276846527066607,
  "inlier_indices": [
    0,
    1,
    2,
    3,
    4,
    5,
    6,
    7,
    8,
    9,
    10,
    11,
    12,
    13,
    14,
    15,
    16,
    17,
    18,
    19
  ],
  "outlier_indices": [],
  "per_point_error_m": [
    0.007280284648461341,
    0.009832336214752406,
    0.009458893146249578,
    0.011181955339157086,
    0.006824781808350521,
    0.007290441793951499,
    0.005128494402218651,
    0.005603767168589546,
    0.009082564643490422,
    0.007465381547138823,
    0.0030944040907778404,
    0.004708166462480118,
    0.005910432133300446,
    0.007541201323379815,
    0.01160757856290426,
    0.005834808732266938,
    0.0047718656793984135,
    0.00539911710433368,
    0.0105791405672657,
    0.009724446638816267
  ],
  "camera_min_xyz_m": [
    -0.3653568625450134,
    0.09848443418741226,
    0.7330000400543213
  ],
  "camera_max_xyz_m": [
    0.24111998081207275,
    0.20019866526126862,
    1.0250000953674316
  ],
  "camera_span_xyz_m": [
    0.6064768433570862,
    0.10171423107385635,
    0.29200005531311035
  ],
  "robot_min_xyz_m": [
    -0.44051714691165655,
    0.5151778491489192,
    -0.05819890866474889
  ],
  "robot_max_xyz_m": [
    0.07296635295652616,
    0.8831159817120853,
    0.07615281400981128
  ],
  "robot_span_xyz_m": [
    0.5134834998681828,
    0.3679381325631661,
    0.13435172267456016
  ],
  "pairs_detailed": [
    {
      "index": 0,
      "camera_xyz_m": [
        0.12184616923332214,
        0.14266513288021088,
        0.9190000295639038
      ],
      "robot_xyz_m": [
        -0.04215272122119104,
        0.8338222190017351,
        0.02411303352332117
      ],
      "robot_fit_xyz_m": [
        -0.036293275658286384,
        0.8380817004576055,
        0.024838471311883985
      ],
      "error_m": 0.007280284648461341,
      "is_inlier": true
    },
    {
      "index": 1,
      "camera_xyz_m": [
        0.24111998081207275,
        0.12977217137813568,
        0.8880000710487366
      ],
      "robot_xyz_m": [
        0.07296635295652616,
        0.8705686127487053,
        0.02969769171676312
      ],
      "robot_fit_xyz_m": [
        0.08236613959389139,
        0.873450387017816,
        0.02957842867205209
      ],
      "error_m": 0.009832336214752406,
      "is_inlier": true
    },
    {
      "index": 2,
      "camera_xyz_m": [
        0.055365391075611115,
        0.1480974704027176,
        1.0250000953674316
      ],
      "robot_xyz_m": [
        -0.14911777708081814,
        0.8831159817120853,
        0.03795504363448586
      ],
      "robot_fit_xyz_m": [
        -0.14817412636324578,
        0.8923559269894727,
        0.039744902328985886
      ],
      "error_m": 0.009458893146249578,
      "is_inlier": true
    },
    {
      "index": 3,
      "camera_xyz_m": [
        0.1437567174434662,
        0.10324933379888535,
        0.7580000162124634
      ],
      "robot_xyz_m": [
        0.06079624722613858,
        0.7156660816296483,
        0.03515178133749225
      ],
      "robot_fit_xyz_m": [
        0.07004208901607178,
        0.709415645141895,
        0.03445710262399141
      ],
      "error_m": 0.011181955339157086,
      "is_inlier": true
    },
    {
      "index": 4,
      "camera_xyz_m": [
        0.00241043115966022,
        0.14027497172355652,
        0.76500004529953
      ],
      "robot_xyz_m": [
        -0.06146710754835001,
        0.6512041335450393,
        0.0032074591160918264
      ],
      "robot_fit_xyz_m": [
        -0.0576001048603878,
        0.645682271747167,
        0.0021430441462215663
      ],
      "error_m": 0.006824781808350521,
      "is_inlier": true
    },
    {
      "index": 5,
      "camera_xyz_m": [
        -0.06589174270629883,
        0.20019866526126862,
        0.7330000400543213
      ],
      "robot_xyz_m": [
        -0.10837716990107449,
        0.5972843185314202,
        -0.05819890866474889
      ],
      "robot_fit_xyz_m": [
        -0.10563904178057065,
        0.5911972254536269,
        -0.06113156851699592
      ],
      "error_m": 0.007290441793951499,
      "is_inlier": true
    },
    {
      "index": 6,
      "camera_xyz_m": [
        -0.15329718589782715,
        0.18838603794574738,
        0.800000011920929
      ],
      "robot_xyz_m": [
        -0.21003746660431347,
        0.602450005916452,
        -0.03316740080868604
      ],
      "robot_fit_xyz_m": [
        -0.21315596599382358,
        0.5993374759654121,
        -0.035792010054858193
      ],
      "error_m": 0.005128494402218651,
      "is_inlier": true
    },
    {
      "index": 7,
      "camera_xyz_m": [
        -0.23932190239429474,
        0.18729804456233978,
        0.862000048160553
      ],
      "robot_xyz_m": [
        -0.31497584574060156,
        0.6099804468948701,
        -0.02056745953535934
      ],
      "robot_fit_xyz_m": [
        -0.31810677032612167,
        0.6055348689209177,
        -0.021922581004843573
      ],
      "error_m": 0.005603767168589546,
      "is_inlier": true
    },
    {
      "index": 8,
      "camera_xyz_m": [
        -0.30848264694213867,
        0.17668265104293823,
        0.8070000410079956
      ],
      "robot_xyz_m": [
        -0.3418514119609736,
        0.5284902871862427,
        -0.017693650784290124
      ],
      "robot_fit_xyz_m": [
        -0.3471123815222985,
        0.5214192829895578,
        -0.019888207556957173
      ],
      "error_m": 0.009082564643490422,
      "is_inlier": true
    },
    {
      "index": 9,
      "camera_xyz_m": [
        -0.2298320084810257,
        0.11579590290784836,
        0.971000075340271
      ],
      "robot_xyz_m": [
        -0.3521206735007272,
        0.6885304364518509,
        0.06552244686865388
      ],
      "robot_fit_xyz_m": [
        -0.35853468894420004,
        0.6916924998912376,
        0.06766573460961312
      ],
      "error_m": 0.007465381547138823,
      "is_inlier": true
    },
    {
      "index": 10,
      "camera_xyz_m": [
        -0.14419573545455933,
        0.1340513825416565,
        0.9440000653266907
      ],
      "robot_xyz_m": [
        -0.271298518854408,
        0.7156924010653222,
        0.04222281818919096
      ],
      "robot_fit_xyz_m": [
        -0.2739467227965158,
        0.7169918811692382,
        0.043157539547432976
      ],
      "error_m": 0.0030944040907778404,
      "is_inlier": true
    },
    {
      "index": 11,
      "camera_xyz_m": [
        -0.030367158353328705,
        0.1355464607477188,
        0.9490000605583191
      ],
      "robot_xyz_m": [
        -0.1784248298846287,
        0.7774683034534897,
        0.038892669114917476
      ],
      "robot_fit_xyz_m": [
        -0.18014784608925338,
        0.7816265057550813,
        0.040273755721927255
      ],
      "error_m": 0.004708166462480118,
      "is_inlier": true
    },
    {
      "index": 12,
      "camera_xyz_m": [
        0.07253225892782211,
        0.10189296305179596,
        0.9250000715255737
      ],
      "robot_xyz_m": [
        -0.0777656637045945,
        0.8056515516896573,
        0.06550567394303577
      ],
      "robot_fit_xyz_m": [
        -0.07669113600052746,
        0.8112635379586016,
        0.06701703370587295
      ],
      "error_m": 0.005910432133300446,
      "is_inlier": true
    },
    {
      "index": 13,
      "camera_xyz_m": [
        0.19076886773109436,
        0.12983015179634094,
        0.8760000467300415
      ],
      "robot_xyz_m": [
        0.040599564028908935,
        0.8313723050353918,
        0.028261729127628837
      ],
      "robot_fit_xyz_m": [
        0.04586307557769648,
        0.8367709941797861,
        0.028400722284746514
      ],
      "error_m": 0.007541201323379815,
      "is_inlier": true
    },
    {
      "index": 14,
      "camera_xyz_m": [
        0.12139163911342621,
        0.10116890072822571,
        0.9930000305175781
      ],